id;prj_appuis;nom_benef;prenom_benef;profession_benef;nb_usagers;contacts;longitude;latitude;date_remise_devis;date_debut_travaux;date_fin_travaux;rue;porte;cout_menage;subv_onea;subv_projet;autre_subv;toles;animateur;superviseur;controleur
1;Wooden interactive;c;Industrial b a;Designer Superviseur Laffitte;58059;whiteboard payment;63147;7175;2021-04-20T12:17:38;2021-04-21T07:42:46;2021-04-21T00:17:12;b a;70568;intermediate;20331;12135;76716;80841;bypass;a Phased magnetic;Kids
2;Virtual;Designer Automotive override;Poitou-Charentes;Money Rustic;70793;de Specialiste;15162;6850;2021-04-20T21:56:48;2021-04-20T15:53:02;2021-04-21T08:19:49;Tonga transform;42344;FTP;46980;14258;5617;59434;Stagiaire reboot b;asynchronous payment;RSS
3;portals;Canada;RAM;Architecte Gold Bourgogne;77274;customized transitional Auvergne;68230;4915;2021-04-20T09:59:04;2021-04-21T01:43:52;2021-04-20T10:40:18;a;16064;a multi-byte;72751;19138;4005;2287;drive;Pre-emptive;deposit
4;Boétie Poitou-Charentes plug-and-play;forecast Agent;b Haute-Normandie Dollar;virtual;70066;Shirt;17022;4441;2021-04-21T01:43:05;2021-04-21T01:15:53;2021-04-20T15:09:45;compressing utilize;10682;Turkish PNG;56167;72565;27973;29434;Soudan Baby orange;next Practical;Fantastic Leone
5;Kids;value-added Sleek;navigate SCSI;instruction Costa;76478;invoice;95359;43083;2021-04-21T06:34:03;2021-04-20T13:44:27;2021-04-21T04:19:25;Pants Wooden;29348;redundant withdrawal Shoes;42889;68974;1901;15210;integrated payment Soft;haptic Architecte pixel;program
6;b archive invoice;initiative Compatible;Faubourg Developpeur;tchèque Account portals;80468;Buckinghamshire Keyboard implementation;1003;64880;2021-04-21T02:09:16;2021-04-20T16:56:36;2021-04-20T23:56:33;grow Innovative Unbranded;10889;Practical;86140;91738;92830;16997;Buckinghamshire a systemic;Buckinghamshire Account;technologies
7;services Shirt;Account Harpe a;driver program;Euro client-server Intelligent;38087;Steel Open-architected indexing;77564;67426;2021-04-21T08:32:50;2021-04-20T09:40:48;2021-04-21T04:03:24;Fantastic Autriche orange;75105;withdrawal Borders;42824;54512;8956;57395;program 24/7 b;c pricing Centre;Tenge Towels Rwanda
8;a c;Surinam Open-architected impactful;Bedfordshire a;online;53561;bluetooth Plastic;74628;73864;2021-04-21T04:20:15;2021-04-20T16:09:30;2021-04-21T01:56:34;XML;37119;b vortals;1617;49578;74245;8898;ADP revolutionary;discrete la;Refined
9;paradigm d'Alésia;c;input;Saint-Denis olive;78301;Savings Marcadet compress;14268;12084;2021-04-21T06:15:34;2021-04-20T16:18:30;2021-04-20T21:38:03;Decentralized Soft Account;32250;withdrawal;82469;73459;26239;25955;open-source;Aquitaine a Ball;Directeur
10;Personal;payment payment Fish;throughput Guyane 6th;Jewelery recontextualize generate;73497;RSS;34917;69017;2021-04-20T14:36:02;2021-04-21T05:19:17;2021-04-20T22:53:19;haptic migration;57741;Account Bedfordshire mobile;56788;15576;93192;29782;deposit;Interface Administrateur;Steel paradigm
